ptp,rt,correct,mouse_clientX,mouse_clientY,row,col,pa_center_x,pa_center_y,condition,arrangement,block,block_trial_idx,hidden_pa_img,hidden_pa_img_type,corr_row,corr_col,top_offset,left_offset,trial_stage,time_elapsed,mouse_dist_cb,mouse_error,hidden_pa_img_row_number,hidden_pa_img_row_number_across_blocks,dist_border_l,dist_border_r,dist_border_t,dist_border_b,border_dist_closest,border_dist_summed
sub_001,7.151807740020509,0,703,241,3,8,786.9250450134277,283.4583396911621,practice,6,1,1,img/targets/BOSS/high_familiarity_downsized/practice/010_exitsign.jpg,near,4,10,18,14,hidden_pa_learning,190,126.38338470458984,94.05383453020926,1,1,9,2,3,8,2,5
sub_001,1.420573832612364,0,654,424,7,6,612.5916709899902,216.02500534057617,practice,6,1,2,img/targets/BOSS/high_familiarity_downsized/practice/009_oven.jpg,,2,5,34,48,hidden_pa_learning,246,249.3833236694336,212.05718123890213,1,1,4,7,1,10,1,5
sub_001,6.943619963969407,0,912,656,11,10,621.258358001709,572.7416954040527,practice,6,1,3,img/targets/BOSS/high_familiarity_downsized/practice/008_mug05.jpg,,9,3,99,140,hidden_pa_learning,303,373.9999465942383,302.4279214557643,1,1,2,9,8,3,2,5
sub_001,2.35496182411449,0,828,283,4,11,786.9250450134277,283.4583396911621,practice,6,2,1,img/targets/BOSS/high_familiarity_downsized/practice/010_exitsign.jpg,near,4,10,18,14,hidden_pa_learning,199,41.533294677734375,41.07751212551014,1,2,9,2,3,8,2,5
sub_001,5.274201537614907,1,612,216,2,5,612.5916709899902,216.02500534057617,practice,6,2,2,img/targets/BOSS/high_familiarity_downsized/practice/009_oven.jpg,,2,5,34,48,hidden_pa_learning,256,0.61667633056640625,0.5921991450967777,1,2,4,7,1,10,1,5
sub_001,8.45195014532572,0,746,489,7,6,621.258358001709,572.7416954040527,practice,6,2,3,img/targets/BOSS/high_familiarity_downsized/practice/008_mug05.jpg,,9,3,99,140,hidden_pa_learning,312,208.48333740234375,150.24363147093771,1,2,2,9,8,3,2,5
sub_001,7.702755439575981,0,879,663,10,11,671.258358001709,455.02502059936523,practice2,7,1,1,img/targets/BOSS/high_familiarity_downsized/practice2/020_corn02.jpg,near,5,6,148,65,hidden_pa_learning,190,415.7166213989258,293.95608834797173,1,1,5,6,4,7,4,9
sub_001,2.884553019503968,1,568,452,8,3,568.258358001709,452.99169540405273,practice2,7,1,2,img/targets/BOSS/high_familiarity_downsized/practice2/019_cartonofeggs.jpg,,8,3,21,87,hidden_pa_learning,245,1.2500534057617187,1.0247968732711745,1,1,2,9,7,4,2,6
sub_001,7.930257707099431,1,782,484,9,10,782.9250450134277,484.8916893005371,practice2,7,1,3,img/targets/BOSS/high_familiarity_downsized/practice2/021_couch02.jpg,near,9,10,11,10,hidden_pa_learning,301,1.8167343139648437,1.284841657777283,1,1,9,2,8,3,2,5
sub_001,9.3136257123349,1,671,455,5,6,671.258358001709,455.02502059936523,practice2,7,2,1,img/targets/BOSS/high_familiarity_downsized/practice2/020_corn02.jpg,near,5,6,148,65,hidden_pa_learning,196,0.28337860107421875,0.25956673022491755,1,2,5,6,4,7,4,9
sub_001,8.369333239664186,0,859,452,8,10,568.258358001709,452.99169540405273,practice2,7,2,2,img/targets/BOSS/high_familiarity_downsized/practice2/019_cartonofeggs.jpg,,8,3,21,87,hidden_pa_learning,251,291.73333740234375,290.743333288378,1,2,2,9,7,4,2,6
sub_001,1.0379718377667335,0,491,234,3,3,782.9250450134277,484.8916893005371,practice2,7,2,3,img/targets/BOSS/high_familiarity_downsized/practice2/021_couch02.jpg,near,9,10,11,10,hidden_pa_learning,307,542.8167343139648,384.9245012546864,1,2,9,2,8,3,2,5
sub_001,8.891073149044892,1,597,465,7,5,597.5916709899902,465.55834579467773,no_schema,1,1,1,img/targets/BOSS/high_familiarity_downsized/cond1/033_macaroni01.jpg,near,7,5,75,33,hidden_pa_learning,195,1.1500167846679687,0.8135260209915444,1,1,4,7,6,5,4,9
sub_001,NA,NA,NA,NA,NA,NA,744.258358001709,327.40835189819336,no_schema,1,1,2,img/targets/BOSS/high_familiarity_downsized/cond1/035_showerhead01.jpg,near,4,6,62,138,hidden_pa_learning,257,NA,NA,1,1,5,6,3,8,3,8
sub_001,8.870518563054986,1,484,342,5,2,484.59170150756836,342.12502670288086,no_schema,1,1,3,img/targets/BOSS/high_familiarity_downsized/cond1/052_steeringwheel.jpg,,5,2,35,45,hidden_pa_learning,312,0.71672821044921875,0.6047663602515668,1,1,1,10,4,7,1,5
sub_001,NA,NA,NA,NA,NA,NA,743.5917320251465,376.84167098999023,no_schema,1,1,4,img/targets/BOSS/high_familiarity_downsized/cond1/046_redonion.jpg,far,6,8,28,54,hidden_pa_learning,372,NA,NA,1,1,7,4,5,6,4,9
sub_001,2.8214450944203318,1,834,250,3,9,834.258358001709,250.69167709350586,no_schema,1,1,5,img/targets/BOSS/high_familiarity_downsized/cond1/054_bookshelf.jpg,,3,9,27,103,hidden_pa_learning,428,0.95003509521484375,0.7383536136078518,1,1,8,3,2,9,2,5
sub_001,NA,NA,NA,NA,NA,NA,728.9250450134277,555.8917198181152,no_schema,1,1,6,img/targets/BOSS/high_familiarity_downsized/cond1/036_table01.jpg,far,9,7,82,81,hidden_pa_learning,486,NA,NA,1,1,6,5,8,3,3,8
sub_001,NA,NA,NA,NA,NA,NA,650.258358001709,396.40835189819336,no_schema,1,1,7,img/targets/BOSS/high_familiarity_downsized/cond1/035_showerhead01.jpg,near,4,6,131,44,hidden_pa_learning,544,NA,NA,2,2,5,6,3,8,3,8
sub_001,NA,NA,NA,NA,NA,NA,598.5916709899902,431.12502670288086,no_schema,1,1,8,img/targets/BOSS/high_familiarity_downsized/cond1/052_steeringwheel.jpg,,5,2,124,159,hidden_pa_learning,604,NA,NA,2,2,1,10,4,7,1,5
sub_001,NA,NA,NA,NA,NA,NA,740.5917320251465,419.84170150756836,no_schema,1,1,9,img/targets/BOSS/high_familiarity_downsized/cond1/046_redonion.jpg,far,6,8,71,51,hidden_pa_learning,661,NA,NA,2,2,7,4,5,6,4,9
sub_001,NA,NA,NA,NA,NA,NA,660.5916709899902,407.55834579467773,no_schema,1,1,10,img/targets/BOSS/high_familiarity_downsized/cond1/033_macaroni01.jpg,near,7,5,17,96,hidden_pa_learning,724,NA,NA,2,2,4,7,6,5,4,9
sub_001,NA,NA,NA,NA,NA,NA,623.258358001709,337.40835189819336,no_schema,1,1,11,img/targets/BOSS/high_familiarity_downsized/cond1/035_showerhead01.jpg,near,4,6,72,17,hidden_pa_learning,783,NA,NA,3,3,5,6,3,8,3,8
sub_001,NA,NA,NA,NA,NA,NA,803.9250450134277,587.8917198181152,no_schema,1,1,12,img/targets/BOSS/high_familiarity_downsized/cond1/036_table01.jpg,far,9,7,114,156,hidden_pa_learning,843,NA,NA,2,2,6,5,8,3,3,8
sub_001,NA,NA,NA,NA,NA,NA,741.258358001709,309.69167709350586,no_schema,1,1,13,img/targets/BOSS/high_familiarity_downsized/cond1/054_bookshelf.jpg,,3,9,86,10,hidden_pa_learning,903,NA,NA,2,2,8,3,2,9,2,5
sub_001,0.9044410856093066,1,700,321,4,6,700.258358001709,321.40835189819336,no_schema,1,1,14,img/targets/BOSS/high_familiarity_downsized/cond1/035_showerhead01.jpg,near,4,6,56,94,hidden_pa_learning,960,0.66670989990234375,0.4832185114471292,4,4,5,6,3,8,3,8
sub_001,NA,NA,NA,NA,NA,NA,449.59170150756836,330.12502670288086,no_schema,1,1,15,img/targets/BOSS/high_familiarity_downsized/cond1/052_steeringwheel.jpg,,5,2,23,10,hidden_pa_learning,1020,NA,NA,3,3,1,10,4,7,1,5
sub_001,NA,NA,NA,NA,NA,NA,745.258358001709,354.69167709350586,no_schema,1,1,16,img/targets/BOSS/high_familiarity_downsized/cond1/054_bookshelf.jpg,,3,9,131,14,hidden_pa_learning,1078,NA,NA,3,3,8,3,2,9,2,5
sub_001,NA,NA,NA,NA,NA,NA,738.9250450134277,517.8916893005371,no_schema,1,1,17,img/targets/BOSS/high_familiarity_downsized/cond1/036_table01.jpg,far,9,7,44,91,hidden_pa_learning,1141,NA,NA,3,3,6,5,8,3,3,8
sub_001,NA,NA,NA,NA,NA,NA,766.5917320251465,361.84167098999023,no_schema,1,1,18,img/targets/BOSS/high_familiarity_downsized/cond1/046_redonion.jpg,far,6,8,13,77,hidden_pa_learning,1200,NA,NA,3,3,7,4,5,6,4,9
sub_001,NA,NA,NA,NA,NA,NA,869.258358001709,346.69167709350586,no_schema,1,1,19,img/targets/BOSS/high_familiarity_downsized/cond1/054_bookshelf.jpg,,3,9,123,138,hidden_pa_learning,1260,NA,NA,4,4,8,3,2,9,2,5
sub_001,NA,NA,NA,NA,NA,NA,528.5917015075684,425.12502670288086,no_schema,1,1,20,img/targets/BOSS/high_familiarity_downsized/cond1/052_steeringwheel.jpg,,5,2,118,89,hidden_pa_learning,1320,NA,NA,4,4,1,10,4,7,1,5
sub_001,NA,NA,NA,NA,NA,NA,629.5916709899902,459.55834579467773,no_schema,1,1,21,img/targets/BOSS/high_familiarity_downsized/cond1/033_macaroni01.jpg,near,7,5,69,65,hidden_pa_learning,1378,NA,NA,3,3,4,7,6,5,4,9
sub_001,NA,NA,NA,NA,NA,NA,731.9250450134277,568.8917198181152,no_schema,1,1,22,img/targets/BOSS/high_familiarity_downsized/cond1/036_table01.jpg,far,9,7,95,84,hidden_pa_learning,1438,NA,NA,4,4,6,5,8,3,3,8
sub_001,NA,NA,NA,NA,NA,NA,632.5916709899902,422.55834579467773,no_schema,1,1,23,img/targets/BOSS/high_familiarity_downsized/cond1/033_macaroni01.jpg,near,7,5,32,68,hidden_pa_learning,1499,NA,NA,4,4,4,7,6,5,4,9
sub_001,NA,NA,NA,NA,NA,NA,704.5917320251465,472.84170150756836,no_schema,1,1,24,img/targets/BOSS/high_familiarity_downsized/cond1/046_redonion.jpg,far,6,8,124,15,hidden_pa_learning,1556,NA,NA,4,4,7,4,5,6,4,9
sub_001,1.0543992371003452,1,769,488,6,8,769.5917320251465,488.84170150756836,no_schema,1,2,1,img/targets/BOSS/high_familiarity_downsized/cond1/046_redonion.jpg,far,6,8,140,80,hidden_pa_learning,195,1.4334335327148437,1.0288868827168556,1,5,7,4,5,6,4,9
sub_001,NA,NA,NA,NA,NA,NA,871.258358001709,339.69167709350586,no_schema,1,2,2,img/targets/BOSS/high_familiarity_downsized/cond1/054_bookshelf.jpg,,3,9,116,140,hidden_pa_learning,258,NA,NA,1,5,8,3,2,9,2,5
sub_001,NA,NA,NA,NA,NA,NA,572.5916709899902,307.12502670288086,no_schema,1,2,3,img/targets/BOSS/high_familiarity_downsized/cond1/052_steeringwheel.jpg,,5,2,0,133,hidden_pa_learning,315,NA,NA,1,5,1,10,4,7,1,5
sub_001,NA,NA,NA,NA,NA,NA,623.258358001709,347.40835189819336,no_schema,1,2,4,img/targets/BOSS/high_familiarity_downsized/cond1/035_showerhead01.jpg,near,4,6,82,17,hidden_pa_learning,376,NA,NA,1,5,5,6,3,8,3,8
sub_001,NA,NA,NA,NA,NA,NA,831.5917320251465,380.84167098999023,no_schema,1,2,5,img/targets/BOSS/high_familiarity_downsized/cond1/046_redonion.jpg,far,6,8,32,142,hidden_pa_learning,437,NA,NA,2,6,7,4,5,6,4,9
sub_001,4.94176403231619,1,639,395,4,6,639.258358001709,395.40835189819336,no_schema,1,2,6,img/targets/BOSS/high_familiarity_downsized/cond1/035_showerhead01.jpg,near,4,6,130,33,hidden_pa_learning,492,0.66670989990234375,0.4832185114471292,2,6,5,6,3,8,3,8
sub_001,9.792353041945168,1,739,625,9,7,739.9250450134277,625.8917198181152,no_schema,1,2,7,img/targets/BOSS/high_familiarity_downsized/cond1/036_table01.jpg,far,9,7,152,92,hidden_pa_learning,547,1.8167648315429687,1.284862837382646,1,5,6,5,8,3,3,8
sub_001,NA,NA,NA,NA,NA,NA,823.258358001709,318.69167709350586,no_schema,1,2,8,img/targets/BOSS/high_familiarity_downsized/cond1/054_bookshelf.jpg,,3,9,95,92,hidden_pa_learning,608,NA,NA,2,6,8,3,2,9,2,5
sub_001,4.966452435148481,1,733,522,9,7,733.9250450134277,522.8916893005371,no_schema,1,2,9,img/targets/BOSS/high_familiarity_downsized/cond1/036_table01.jpg,far,9,7,49,86,hidden_pa_learning,667,1.8167343139648437,1.284841657777283,2,6,6,5,8,3,3,8
sub_001,7.260271379550883,1,710,461,6,8,710.5917320251465,461.84170150756836,no_schema,1,2,10,img/targets/BOSS/high_familiarity_downsized/cond1/046_redonion.jpg,far,6,8,113,21,hidden_pa_learning,721,1.4334335327148437,1.0288868827168556,3,7,7,4,5,6,4,9
sub_001,NA,NA,NA,NA,NA,NA,609.5916709899902,408.55834579467773,no_schema,1,2,11,img/targets/BOSS/high_familiarity_downsized/cond1/033_macaroni01.jpg,near,7,5,18,45,hidden_pa_learning,781,NA,NA,1,5,4,7,6,5,4,9
sub_001,NA,NA,NA,NA,NA,NA,792.258358001709,378.69167709350586,no_schema,1,2,12,img/targets/BOSS/high_familiarity_downsized/cond1/054_bookshelf.jpg,,3,9,155,61,hidden_pa_learning,843,NA,NA,3,7,8,3,2,9,2,5
sub_001,6.887657292346912,1,516,361,5,2,516.5917015075684,361.12502670288086,no_schema,1,2,13,img/targets/BOSS/high_familiarity_downsized/cond1/052_steeringwheel.jpg,,5,2,54,77,hidden_pa_learning,901,0.71672821044921875,0.6047663602515668,2,6,1,10,4,7,1,5
sub_001,1.2061361064534615,1,578,444,7,5,578.5916709899902,444.55834579467773,no_schema,1,2,14,img/targets/BOSS/high_familiarity_downsized/cond1/033_macaroni01.jpg,near,7,5,54,14,hidden_pa_learning,956,1.1500167846679687,0.8135260209915444,2,6,4,7,6,5,4,9
sub_001,9.571415367069097,1,652,490,9,7,652.9250450134277,490.8916893005371,no_schema,1,2,15,img/targets/BOSS/high_familiarity_downsized/cond1/036_table01.jpg,far,9,7,17,5,hidden_pa_learning,1013,1.8167343139648437,1.284841657777283,3,7,6,5,8,3,3,8
sub_001,NA,NA,NA,NA,NA,NA,859.258358001709,256.69167709350586,no_schema,1,2,16,img/targets/BOSS/high_familiarity_downsized/cond1/054_bookshelf.jpg,,3,9,33,128,hidden_pa_learning,1072,NA,NA,4,8,8,3,2,9,2,5
sub_001,NA,NA,NA,NA,NA,NA,759.258358001709,415.40835189819336,no_schema,1,2,17,img/targets/BOSS/high_familiarity_downsized/cond1/035_showerhead01.jpg,near,4,6,150,153,hidden_pa_learning,1131,NA,NA,3,7,5,6,3,8,3,8
sub_001,NA,NA,NA,NA,NA,NA,628.5916709899902,412.55834579467773,no_schema,1,2,18,img/targets/BOSS/high_familiarity_downsized/cond1/033_macaroni01.jpg,near,7,5,22,64,hidden_pa_learning,1192,NA,NA,3,7,4,7,6,5,4,9
sub_001,NA,NA,NA,NA,NA,NA,597.5916709899902,388.12502670288086,no_schema,1,2,19,img/targets/BOSS/high_familiarity_downsized/cond1/052_steeringwheel.jpg,,5,2,81,158,hidden_pa_learning,1252,NA,NA,3,7,1,10,4,7,1,5
sub_001,9.380068763503369,1,680,392,4,6,680.258358001709,392.40835189819336,no_schema,1,2,20,img/targets/BOSS/high_familiarity_downsized/cond1/035_showerhead01.jpg,near,4,6,127,74,hidden_pa_learning,1304,0.66670989990234375,0.4832185114471292,4,8,5,6,3,8,3,8
sub_001,NA,NA,NA,NA,NA,NA,474.59170150756836,342.12502670288086,no_schema,1,2,21,img/targets/BOSS/high_familiarity_downsized/cond1/052_steeringwheel.jpg,,5,2,35,35,hidden_pa_learning,1362,NA,NA,4,8,1,10,4,7,1,5
sub_001,9.968910290804514,1,673,476,9,7,673.9250450134277,476.8916893005371,no_schema,1,2,22,img/targets/BOSS/high_familiarity_downsized/cond1/036_table01.jpg,far,9,7,3,26,hidden_pa_learning,1418,1.8167343139648437,1.284841657777283,4,8,6,5,8,3,3,8
sub_001,NA,NA,NA,NA,NA,NA,702.5917320251465,495.55834579467773,no_schema,1,2,23,img/targets/BOSS/high_familiarity_downsized/cond1/033_macaroni01.jpg,near,7,5,105,138,hidden_pa_learning,1476,NA,NA,4,8,4,7,6,5,4,9
sub_001,9.249197010318458,1,713,392,6,8,713.5917320251465,392.84170150756836,no_schema,1,2,24,img/targets/BOSS/high_familiarity_downsized/cond1/046_redonion.jpg,far,6,8,44,24,hidden_pa_learning,1532,1.4334335327148437,1.0288868827168556,4,8,7,4,5,6,4,9
sub_001,9.176594865835725,0,568,518,9,2,860.258358001709,435.55834579467773,schema_c,2,1,1,img/targets/BOSS/high_familiarity_downsized/cond2/047_saltshaker03a.jpg,near,7,9,45,129,hidden_pa_learning,205,374.70001220703125,303.6635871650815,1,1,8,3,6,5,3,8
sub_001,1.9200565078399134,1,552,412,6,4,552.9250450134277,412.84170150756836,schema_c,2,1,2,img/targets/BOSS/high_familiarity_downsized/cond2/048_schoolbus.jpg,far,6,4,64,30,hidden_pa_learning,262,1.7667465209960937,1.2506677035529326,1,1,3,8,5,6,3,8
sub_001,0.9884318136906978,1,688,457,5,7,688.9250450134277,457.12502670288086,schema_c,2,1,3,img/targets/BOSS/high_familiarity_downsized/cond2/051_worldmap.jpg,far,5,7,150,41,hidden_pa_learning,318,1.0500717163085937,0.9334559193131596,1,1,6,5,4,7,4,9
sub_001,3.9176998145229125,0,668,192,2,5,835.258358001709,401.55834579467773,schema_c,2,1,4,img/targets/BOSS/high_familiarity_downsized/cond2/047_saltshaker03a.jpg,near,7,9,11,104,hidden_pa_learning,374,376.8167037963867,268.1232153574725,2,2,8,3,6,5,3,8
sub_001,7.27208478157414,0,849,492,7,10,683.258358001709,534.2750205993652,schema_c,2,1,5,img/targets/BOSS/high_familiarity_downsized/cond2/043_foldingchair.jpg,near,8,6,102,77,hidden_pa_learning,430,208.01666259765625,171.04814894925468,1,1,5,6,7,4,4,9
sub_001,1.3532800600918238,0,684,614,9,6,725.9250450134277,448.12502670288086,schema_c,2,1,6,img/targets/BOSS/high_familiarity_downsized/cond2/051_worldmap.jpg,far,5,7,141,78,hidden_pa_learning,487,207.80001831054687,171.0912509910952,2,2,6,5,4,7,4,9
sub_001,5.535222622381295,1,540,405,6,4,540.9250450134277,405.84170150756836,schema_c,2,1,7,img/targets/BOSS/high_familiarity_downsized/cond2/048_schoolbus.jpg,far,6,4,57,18,hidden_pa_learning,543,1.7667465209960937,1.2506677035529326,2,2,3,8,5,6,3,8
sub_001,9.891450065480518,0,624,489,9,6,499.258358001709,239.69167709350586,schema_c,2,1,8,img/targets/BOSS/high_familiarity_downsized/cond2/053_television.jpg,,3,3,16,18,hidden_pa_learning,598,374.04996490478516,278.7743121574844,1,1,2,9,2,9,2,4
sub_001,3.6232561620260872,0,604,563,11,3,729.258358001709,438.27502059936523,schema_c,2,1,9,img/targets/BOSS/high_familiarity_downsized/cond2/043_foldingchair.jpg,near,8,6,6,123,hidden_pa_learning,652,249.98333740234375,176.76531542068162,2,2,5,6,7,4,4,9
sub_001,1.1417036953940451,1,765,684,11,8,765.5917320251465,684.2250328063965,schema_c,2,1,10,img/targets/BOSS/high_familiarity_downsized/cond2/057_donut.jpg,,11,8,127,76,hidden_pa_learning,708,0.81676483154296875,0.6330770518180526,1,1,7,4,10,1,1,5
sub_001,5.8921041266278795,1,637,342,3,3,637.258358001709,342.69167709350586,schema_c,2,1,11,img/targets/BOSS/high_familiarity_downsized/cond2/053_television.jpg,,3,3,119,156,hidden_pa_learning,765,0.95003509521484375,0.7383536136078518,2,2,2,9,2,9,2,4
sub_001,7.279693957017608,1,768,465,7,9,768.258358001709,465.55834579467773,schema_c,2,1,12,img/targets/BOSS/high_familiarity_downsized/cond2/047_saltshaker03a.jpg,near,7,9,75,37,hidden_pa_learning,819,0.81670379638671875,0.6152226292013081,3,3,8,3,6,5,3,8
sub_001,7.9084416276787595,0,572,577,9,2,822.5917320251465,661.2250328063965,schema_c,2,1,13,img/targets/BOSS/high_familiarity_downsized/cond2/057_donut.jpg,,11,8,104,133,hidden_pa_learning,874,334.81676483154297,264.3673056764043,2,2,7,4,10,1,1,5
sub_001,4.807632115062834,0,608,576,11,3,733.258358001709,451.27502059936523,schema_c,2,1,14,img/targets/BOSS/high_familiarity_downsized/cond2/043_foldingchair.jpg,near,8,6,19,127,hidden_pa_learning,931,249.98333740234375,176.76531542068162,3,3,5,6,7,4,4,9
sub_001,3.7131134169516744,0,632,561,9,6,507.258358001709,311.69167709350586,schema_c,2,1,15,img/targets/BOSS/high_familiarity_downsized/cond2/053_television.jpg,,3,3,88,26,hidden_pa_learning,986,374.04996490478516,278.7743121574844,3,3,2,9,2,9,2,4
sub_001,5.65418601196753,0,615,610,9,6,531.9250144958496,485.84170150756836,schema_c,2,1,16,img/targets/BOSS/high_familiarity_downsized/cond2/048_schoolbus.jpg,far,6,4,137,9,hidden_pa_learning,1043,207.23328399658203,149.38787200121217,3,3,3,8,5,6,3,8
sub_001,7.931911748111475,1,726,457,8,6,726.258358001709,457.27502059936523,schema_c,2,1,17,img/targets/BOSS/high_familiarity_downsized/cond2/043_foldingchair.jpg,near,8,6,25,120,hidden_pa_learning,1101,0.53337860107421875,0.3773396177480869,4,4,5,6,7,4,4,9
sub_001,1.2845827988547343,0,614,586,9,6,697.5917320251465,670.2250328063965,schema_c,2,1,18,img/targets/BOSS/high_familiarity_downsized/cond2/057_donut.jpg,,11,8,113,8,hidden_pa_learning,1157,167.81676483154297,118.665217373089,3,3,7,4,10,1,1,5
sub_001,2.614647874858136,0,581,573,9,2,789.9250450134277,407.12502670288086,schema_c,2,1,19,img/targets/BOSS/high_familiarity_downsized/cond2/051_worldmap.jpg,far,5,7,100,142,hidden_pa_learning,1213,374.8000183105469,266.7661545252373,3,3,6,5,4,7,4,9
sub_001,2.2959321645306763,1,770,485,7,9,770.258358001709,485.55834579467773,schema_c,2,1,20,img/targets/BOSS/high_familiarity_downsized/cond2/047_saltshaker03a.jpg,near,7,9,95,39,hidden_pa_learning,1269,0.81670379638671875,0.6152226292013081,4,4,8,3,6,5,3,8
sub_001,5.859284913665608,0,624,590,9,6,540.9250450134277,465.84170150756836,schema_c,2,1,21,img/targets/BOSS/high_familiarity_downsized/cond2/048_schoolbus.jpg,far,6,4,117,18,hidden_pa_learning,1324,207.2332534790039,149.38785503030948,4,4,3,8,5,6,3,8
sub_001,7.90842199379812,0,497,518,9,2,747.5917320251465,602.2250328063965,schema_c,2,1,22,img/targets/BOSS/high_familiarity_downsized/cond2/057_donut.jpg,,11,8,45,58,hidden_pa_learning,1380,334.81676483154297,264.3673056764043,4,4,7,4,10,1,1,5
sub_001,6.709155871281713,1,795,366,5,7,795.9250450134277,366.12502670288086,schema_c,2,1,23,img/targets/BOSS/high_familiarity_downsized/cond2/051_worldmap.jpg,far,5,7,59,148,hidden_pa_learning,1436,1.0500717163085937,0.9334559193131596,4,4,6,5,4,7,4,9
sub_001,7.805408543499144,1,581,224,3,3,581.258358001709,224.69167709350586,schema_c,2,1,24,img/targets/BOSS/high_familiarity_downsized/cond2/053_television.jpg,,3,3,1,100,hidden_pa_learning,1492,0.95003509521484375,0.7383536136078518,4,4,2,9,2,9,2,4
sub_001,0.2680074450432235,1,732,475,8,6,732.258358001709,475.27502059936523,schema_c,2,2,1,img/targets/BOSS/high_familiarity_downsized/cond2/043_foldingchair.jpg,near,8,6,43,126,hidden_pa_learning,187,0.53337860107421875,0.3773396177480869,1,5,5,6,7,4,4,9
sub_001,1.6303236594285697,0,448,574,9,2,656.9250450134277,408.12502670288086,schema_c,2,2,2,img/targets/BOSS/high_familiarity_downsized/cond2/051_worldmap.jpg,far,5,7,101,9,hidden_pa_learning,244,374.8000183105469,266.7661545252373,1,5,6,5,4,7,4,9
sub_001,9.227677553149396,1,816,626,11,8,816.5917320251465,626.2250328063965,schema_c,2,2,3,img/targets/BOSS/high_familiarity_downsized/cond2/057_donut.jpg,,11,8,69,127,hidden_pa_learning,301,0.81676483154296875,0.6330770518180526,1,5,7,4,10,1,1,5
sub_001,6.194087896916636,1,551,276,3,3,551.258358001709,276.69167709350586,schema_c,2,2,4,img/targets/BOSS/high_familiarity_downsized/cond2/053_television.jpg,,3,3,53,70,hidden_pa_learning,358,0.95003509521484375,0.7383536136078518,1,5,2,9,2,9,2,4
sub_001,2.1080054078239696,1,744,581,8,6,744.258358001709,581.2750205993652,schema_c,2,2,5,img/targets/BOSS/high_familiarity_downsized/cond2/043_foldingchair.jpg,near,8,6,149,138,hidden_pa_learning,415,0.53337860107421875,0.3773396177480869,2,6,5,6,7,4,4,9
sub_001,0.06371092156638891,0,788,443,7,10,747.258358001709,443.55834579467773,schema_c,2,2,6,img/targets/BOSS/high_familiarity_downsized/cond2/047_saltshaker03a.jpg,near,7,9,53,16,hidden_pa_learning,470,41.29998779296875,40.745467757081215,1,5,8,3,6,5,3,8
sub_001,7.192334329807036,1,736,483,8,6,736.258358001709,483.27502059936523,schema_c,2,2,7,img/targets/BOSS/high_familiarity_downsized/cond2/043_foldingchair.jpg,near,8,6,51,130,hidden_pa_learning,529,0.53337860107421875,0.3773396177480869,3,7,5,6,7,4,4,9
sub_001,6.171967824064515,1,830,599,11,8,830.5917320251465,599.2250328063965,schema_c,2,2,8,img/targets/BOSS/high_familiarity_downsized/cond2/057_donut.jpg,,11,8,42,141,hidden_pa_learning,585,0.81676483154296875,0.6330770518180526,2,6,7,4,10,1,1,5
sub_001,8.188493179412514,0,921,407,7,10,796.9250450134277,324.12502670288086,schema_c,2,2,9,img/targets/BOSS/high_familiarity_downsized/cond2/051_worldmap.jpg,far,5,7,17,149,hidden_pa_learning,640,206.9499282836914,149.20742492891614,2,6,6,5,4,7,4,9
sub_001,2.0314761936169345,0,859,395,7,10,818.258358001709,395.55834579467773,schema_c,2,2,10,img/targets/BOSS/high_familiarity_downsized/cond2/047_saltshaker03a.jpg,near,7,9,5,87,hidden_pa_learning,697,41.29998779296875,40.745467757081215,2,6,8,3,6,5,3,8
sub_001,7.3949865985742536,1,730,357,5,7,730.9250450134277,357.12502670288086,schema_c,2,2,11,img/targets/BOSS/high_familiarity_downsized/cond2/051_worldmap.jpg,far,5,7,50,83,hidden_pa_learning,752,1.0500717163085937,0.9334559193131596,3,7,6,5,4,7,4,9
sub_001,1.364504122352943,0,864,414,4,11,781.258358001709,539.5583457946777,schema_c,2,2,12,img/targets/BOSS/high_familiarity_downsized/cond2/047_saltshaker03a.jpg,near,7,9,149,50,hidden_pa_learning,809,208.29998779296875,150.3698025511413,3,7,8,3,6,5,3,8
sub_001,3.5292465040353083,0,662,300,2,5,704.258358001709,551.2750205993652,schema_c,2,2,13,img/targets/BOSS/high_familiarity_downsized/cond2/043_foldingchair.jpg,near,8,6,119,98,hidden_pa_learning,865,293.5333786010742,254.80365931087417,4,8,5,6,7,4,4,9
sub_001,1.1236060213164945,1,484,360,3,3,484.258358001709,360.69167709350586,schema_c,2,2,14,img/targets/BOSS/high_familiarity_downsized/cond2/053_television.jpg,,3,3,137,3,hidden_pa_learning,919,0.95003509521484375,0.7383536136078518,2,6,2,9,2,9,2,4
sub_001,1.6012274010765193,0,656,515,9,6,739.5917320251465,599.2250328063965,schema_c,2,2,15,img/targets/BOSS/high_familiarity_downsized/cond2/057_donut.jpg,,11,8,42,50,hidden_pa_learning,976,167.81676483154297,118.665217373089,3,7,7,4,10,1,1,5
sub_001,7.728141590179725,0,510,488,9,2,593.9250450134277,363.84167098999023,schema_c,2,2,16,img/targets/BOSS/high_familiarity_downsized/cond2/048_schoolbus.jpg,far,6,4,15,71,hidden_pa_learning,1035,208.0833740234375,149.86228292356856,1,5,3,8,5,6,3,8
sub_001,1.7151587942329094,1,724,589,11,8,724.5917320251465,589.2250328063965,schema_c,2,2,17,img/targets/BOSS/high_familiarity_downsized/cond2/057_donut.jpg,,11,8,32,35,hidden_pa_learning,1092,0.81676483154296875,0.6330770518180526,4,8,7,4,10,1,1,5
sub_001,4.468095225546769,0,765,535,9,6,640.258358001709,285.69167709350586,schema_c,2,2,18,img/targets/BOSS/high_familiarity_downsized/cond2/053_television.jpg,,3,3,62,159,hidden_pa_learning,1149,374.04996490478516,278.7743121574844,3,7,2,9,2,9,2,4
sub_001,5.576756216612633,0,930,409,4,11,638.9250450134277,492.84170150756836,schema_c,2,2,19,img/targets/BOSS/high_familiarity_downsized/cond2/048_schoolbus.jpg,far,6,4,144,116,hidden_pa_learning,1205,374.9166564941406,302.9093269150345,2,6,3,8,5,6,3,8
sub_001,2.556880589172237,1,693,313,5,7,693.9250450134277,313.12502670288086,schema_c,2,2,20,img/targets/BOSS/high_familiarity_downsized/cond2/051_worldmap.jpg,far,5,7,6,46,hidden_pa_learning,1263,1.0500717163085937,0.9334559193131596,4,8,6,5,4,7,4,9
sub_001,4.298609253700332,0,810,444,7,10,519.258358001709,277.69167709350586,schema_c,2,2,21,img/targets/BOSS/high_familiarity_downsized/cond2/053_television.jpg,,3,3,54,38,hidden_pa_learning,1319,457.04996490478516,334.9465041761641,4,8,2,9,2,9,2,4
sub_001,3.4959907422190306,0,533,569,9,2,616.9250450134277,444.84170150756836,schema_c,2,2,22,img/targets/BOSS/high_familiarity_downsized/cond2/048_schoolbus.jpg,far,6,4,96,94,hidden_pa_learning,1376,208.08334350585937,149.86225764027986,3,7,3,8,5,6,3,8
sub_001,3.4378437574810894,1,861,467,7,9,861.258358001709,467.55834579467773,schema_c,2,2,23,img/targets/BOSS/high_familiarity_downsized/cond2/047_saltshaker03a.jpg,near,7,9,77,130,hidden_pa_learning,1433,0.81670379638671875,0.6152226292013081,4,8,8,3,6,5,3,8
sub_001,5.7148986100586585,1,674,483,6,4,674.9250450134277,483.84170150756836,schema_c,2,2,24,img/targets/BOSS/high_familiarity_downsized/cond2/048_schoolbus.jpg,far,6,4,135,152,hidden_pa_learning,1487,1.7667465209960937,1.2506677035529326,4,8,3,8,5,6,3,8
sub_001,8.239147886115825,0,708,326,4,6,624.9250450134277,451.55834579467773,schema_ic,3,1,1,img/targets/BOSS/high_familiarity_downsized/cond3/066_atm.jpg,near,7,4,61,102,hidden_pa_learning,200,208.63330078125,150.5534667309819,1,1,3,8,6,5,3,8
sub_001,9.015944522702464,0,949,673,10,11,824.5917320251465,339.97500228881836,schema_ic,3,1,2,img/targets/BOSS/high_familiarity_downsized/cond3/096_rockingchair.jpg,,2,8,158,135,hidden_pa_learning,261,457.43326568603516,355.50396093578973,1,1,7,4,1,10,1,5
sub_001,2.185590749331363,1,740,435,8,7,740.9250450134277,435.27502059936523,schema_ic,3,1,3,img/targets/BOSS/high_familiarity_downsized/cond3/068_cow.jpg,far,8,7,3,93,hidden_pa_learning,317,1.2000656127929687,0.9650619705193704,1,1,6,5,7,4,4,9
sub_001,4.5956157412095555,0,901,339,2,10,818.5917320251465,339.97500228881836,schema_ic,3,1,4,img/targets/BOSS/high_familiarity_downsized/cond3/096_rockingchair.jpg,,2,8,158,129,hidden_pa_learning,371,83.383270263671875,82.41403557694811,2,2,7,4,1,10,1,5
sub_001,7.076681236381594,1,718,564,8,7,718.9250450134277,564.2750205993652,schema_ic,3,1,5,img/targets/BOSS/high_familiarity_downsized/cond3/068_cow.jpg,far,8,7,132,71,hidden_pa_learning,427,1.2000656127929687,0.9650619705193704,2,2,6,5,7,4,4,9
sub_001,4.9562837914405256,0,659,419,4,6,534.258358001709,669.508358001709,schema_ic,3,1,6,img/targets/BOSS/high_familiarity_downsized/cond3/071_fluorescentlightbulb.jpg,,10,3,154,53,hidden_pa_learning,483,375.25,279.8480206775495,1,1,2,9,9,2,2,4
sub_001,7.520362678006977,1,841,348,6,9,841.258358001709,348.84167098999023,schema_ic,3,1,7,img/targets/BOSS/high_familiarity_downsized/cond3/069_drumset.jpg,far,6,9,0,110,hidden_pa_learning,537,1.1000289916992187,0.8804310946565896,1,1,8,3,5,6,3,8
sub_001,7.527081606151138,1,768,234,2,8,768.5917320251465,234.97501754760742,schema_ic,3,1,8,img/targets/BOSS/high_familiarity_downsized/cond3/096_rockingchair.jpg,,2,8,53,79,hidden_pa_learning,594,1.5667495727539062,1.1405288280996455,3,3,7,4,1,10,1,5
sub_001,9.808612983344592,0,849,569,10,11,641.258358001709,361.12502670288086,schema_ic,3,1,9,img/targets/BOSS/high_familiarity_downsized/cond3/067_christmastree.jpg,near,5,6,54,35,hidden_pa_learning,652,415.61661529541016,293.8853421717798,1,1,5,6,4,7,4,9
sub_001,0.43161737083768914,1,739,422,6,9,739.258358001709,422.84170150756836,schema_ic,3,1,10,img/targets/BOSS/high_familiarity_downsized/cond3/069_drumset.jpg,far,6,9,74,8,hidden_pa_learning,705,1.1000595092773437,0.8804602687741842,2,2,8,3,5,6,3,8
sub_001,0.2675554379835776,1,641,532,7,4,641.9250450134277,532.5583457946777,schema_ic,3,1,11,img/targets/BOSS/high_familiarity_downsized/cond3/066_atm.jpg,near,7,4,142,119,hidden_pa_learning,763,1.4833908081054687,1.0804898441456208,2,2,3,8,6,5,3,8
sub_001,1.9430693117790687,0,617,274,4,6,658.9250450134277,441.27502059936523,schema_ic,3,1,12,img/targets/BOSS/high_familiarity_downsized/cond3/068_cow.jpg,far,8,7,9,11,hidden_pa_learning,819,209.20006561279297,172.4489545224789,3,3,6,5,7,4,4,9
sub_001,8.248271219566272,1,811,447,6,9,811.258358001709,447.84170150756836,schema_ic,3,1,13,img/targets/BOSS/high_familiarity_downsized/cond3/069_drumset.jpg,far,6,9,99,80,hidden_pa_learning,871,1.1000595092773437,0.8804602687741842,3,3,8,3,5,6,3,8
sub_001,8.94938536621813,1,596,420,7,4,596.9250450134277,420.55834579467773,schema_ic,3,1,14,img/targets/BOSS/high_familiarity_downsized/cond3/066_atm.jpg,near,7,4,30,74,hidden_pa_learning,928,1.4833908081054687,1.0804898441456208,3,3,3,8,6,5,3,8
sub_001,6.768362175166449,0,753,416,4,6,628.258358001709,666.508358001709,schema_ic,3,1,15,img/targets/BOSS/high_familiarity_downsized/cond3/071_fluorescentlightbulb.jpg,,10,3,151,147,hidden_pa_learning,984,375.25,279.8480206775495,2,2,2,9,9,2,2,4
sub_001,1.3368991928369356,0,860,273,2,10,777.5917320251465,273.9750175476074,schema_ic,3,1,16,img/targets/BOSS/high_familiarity_downsized/cond3/096_rockingchair.jpg,,2,8,92,88,hidden_pa_learning,1039,83.38328552246094,82.4140357574692,4,4,7,4,1,10,1,5
sub_001,5.787020969615133,1,797,452,6,9,797.258358001709,452.84170150756836,schema_ic,3,1,17,img/targets/BOSS/high_familiarity_downsized/cond3/069_drumset.jpg,far,6,9,104,66,hidden_pa_learning,1096,1.1000595092773437,0.8804602687741842,4,4,8,3,5,6,3,8
sub_001,6.859034106171464,0,560,436,7,3,560.258358001709,561.508358001709,schema_ic,3,1,18,img/targets/BOSS/high_familiarity_downsized/cond3/071_fluorescentlightbulb.jpg,,10,3,46,79,hidden_pa_learning,1151,125.76671600341797,125.50862391541943,3,3,2,9,9,2,2,4
sub_001,1.147483084929728,0,531,406,7,3,656.258358001709,323.12502670288086,schema_ic,3,1,19,img/targets/BOSS/high_familiarity_downsized/cond3/067_christmastree.jpg,near,5,6,16,50,hidden_pa_learning,1206,208.13333129882813,150.19293408240782,2,2,5,6,4,7,4,9
sub_001,5.141664502417105,0,661,267,4,6,702.9250450134277,434.27502059936523,schema_ic,3,1,20,img/targets/BOSS/high_familiarity_downsized/cond3/068_cow.jpg,far,8,7,2,55,hidden_pa_learning,1264,209.20006561279297,172.4489545224789,4,4,6,5,7,4,4,9
sub_001,8.636375739253905,0,561,333,3,2,644.9250450134277,500.55834579467773,schema_ic,3,1,21,img/targets/BOSS/high_familiarity_downsized/cond3/066_atm.jpg,near,7,4,110,122,hidden_pa_learning,1320,251.48339080810547,187.40120710911836,4,4,3,8,6,5,3,8
sub_001,5.941585247621415,0,921,303,2,10,755.258358001709,429.12502670288086,schema_ic,3,1,22,img/targets/BOSS/high_familiarity_downsized/cond3/067_christmastree.jpg,near,5,6,122,149,hidden_pa_learning,1377,291.8666687011719,208.27341225680266,3,3,5,6,4,7,4,9
sub_001,8.4341845209367,0,650,634,11,5,567.258358001709,592.508358001709,schema_ic,3,1,23,img/targets/BOSS/high_familiarity_downsized/cond3/071_fluorescentlightbulb.jpg,,10,3,77,86,hidden_pa_learning,1434,124.23328399658203,92.5620639154492,4,4,2,9,9,2,2,4
sub_001,7.681490461097162,0,685,663,11,5,727.258358001709,413.12502670288086,schema_ic,3,1,24,img/targets/BOSS/high_familiarity_downsized/cond3/067_christmastree.jpg,near,5,6,106,121,hidden_pa_learning,1488,292.1333312988281,253.42310688103524,4,4,5,6,4,7,4,9
sub_001,2.176706992908488,0,491,410,7,3,699.5917320251465,201.97500228881836,schema_ic,3,2,1,img/targets/BOSS/high_familiarity_downsized/cond3/096_rockingchair.jpg,,2,8,20,10,hidden_pa_learning,188,416.6167297363281,294.5927873217327,1,5,7,4,1,10,1,5
sub_001,5.207583489310301,0,584,497,7,3,834.258358001709,455.84170150756836,schema_ic,3,2,2,img/targets/BOSS/high_familiarity_downsized/cond3/069_drumset.jpg,far,6,9,107,103,hidden_pa_learning,245,291.4166564941406,253.62028957578224,1,5,8,3,5,6,3,8
sub_001,4.059791880281384,0,482,392,7,3,482.258358001709,517.508358001709,schema_ic,3,2,3,img/targets/BOSS/high_familiarity_downsized/cond3/071_fluorescentlightbulb.jpg,,10,3,2,1,hidden_pa_learning,300,125.76671600341797,125.50862391541943,1,5,2,9,9,2,2,4
sub_001,0.7271746563051207,0,734,384,4,6,859.258358001709,467.84170150756836,schema_ic,3,2,4,img/targets/BOSS/high_familiarity_downsized/cond3/069_drumset.jpg,far,6,9,119,128,hidden_pa_learning,358,209.10005950927734,150.72852139183374,2,6,8,3,5,6,3,8
sub_001,2.9071578582515434,0,910,611,10,11,618.9250450134277,486.55834579467773,schema_ic,3,2,5,img/targets/BOSS/high_familiarity_downsized/cond3/066_atm.jpg,near,7,4,96,96,hidden_pa_learning,413,415.51660919189453,316.5601913093181,1,5,3,8,6,5,3,8
sub_001,3.6509972849836214,0,887,249,2,10,762.9250450134277,500.27502059936523,schema_ic,3,2,6,img/targets/BOSS/high_familiarity_downsized/cond3/068_cow.jpg,far,8,7,68,115,hidden_pa_learning,467,375.3499755859375,280.23870259500444,1,5,6,5,7,4,4,9
sub_001,1.6020296036543558,1,600,645,10,3,600.258358001709,645.508358001709,schema_ic,3,2,7,img/targets/BOSS/high_familiarity_downsized/cond3/071_fluorescentlightbulb.jpg,,10,3,130,119,hidden_pa_learning,525,0.76671600341796875,0.5702426807497062,2,6,2,9,9,2,2,4
sub_001,5.497979235914707,1,533,536,7,4,533.9250450134277,536.5583457946777,schema_ic,3,2,8,img/targets/BOSS/high_familiarity_downsized/cond3/066_atm.jpg,near,7,4,146,11,hidden_pa_learning,579,1.4833908081054687,1.0804898441456208,2,6,3,8,6,5,3,8
sub_001,1.6238857087759362,0,923,603,10,11,798.5917320251465,269.9750175476074,schema_ic,3,2,9,img/targets/BOSS/high_familiarity_downsized/cond3/096_rockingchair.jpg,,2,8,88,109,hidden_pa_learning,635,457.4332504272461,355.5039466418331,2,6,7,4,1,10,1,5
sub_001,2.0046502093966923,0,824,238,2,10,783.258358001709,405.84170150756836,schema_ic,3,2,10,img/targets/BOSS/high_familiarity_downsized/cond3/069_drumset.jpg,far,6,9,57,52,hidden_pa_learning,693,208.58334350585937,172.71571485441788,3,7,8,3,5,6,3,8
sub_001,0.7336148699535872,1,640,424,5,6,640.258358001709,424.12502670288086,schema_ic,3,2,11,img/targets/BOSS/high_familiarity_downsized/cond3/067_christmastree.jpg,near,5,6,117,34,hidden_pa_learning,747,0.38338470458984375,0.2870200924679634,1,5,5,6,4,7,4,9
sub_001,3.303721602324572,1,638,433,7,4,638.9250450134277,433.55834579467773,schema_ic,3,2,12,img/targets/BOSS/high_familiarity_downsized/cond3/066_atm.jpg,near,7,4,43,116,hidden_pa_learning,804,1.4833908081054687,1.0804898441456208,3,7,3,8,6,5,3,8
sub_001,0.5589074689215323,1,680,477,8,7,680.9250450134277,477.27502059936523,schema_ic,3,2,13,img/targets/BOSS/high_familiarity_downsized/cond3/068_cow.jpg,far,8,7,45,33,hidden_pa_learning,862,1.2000656127929687,0.9650619705193704,2,6,6,5,7,4,4,9
sub_001,9.069086890857626,1,774,430,6,9,774.258358001709,430.84170150756836,schema_ic,3,2,14,img/targets/BOSS/high_familiarity_downsized/cond3/069_drumset.jpg,far,6,9,82,43,hidden_pa_learning,917,1.1000595092773437,0.8804602687741842,4,8,8,3,5,6,3,8
sub_001,8.581396193440547,1,513,548,10,3,513.258358001709,548.508358001709,schema_ic,3,2,15,img/targets/BOSS/high_familiarity_downsized/cond3/071_fluorescentlightbulb.jpg,,10,3,33,32,hidden_pa_learning,972,0.76671600341796875,0.5702426807497062,3,7,2,9,9,2,2,4
sub_001,4.8039571636663965,1,733,439,8,7,733.9250450134277,439.27502059936523,schema_ic,3,2,16,img/targets/BOSS/high_familiarity_downsized/cond3/068_cow.jpg,far,8,7,7,86,hidden_pa_learning,1029,1.2000656127929687,0.9650619705193704,3,7,6,5,7,4,4,9
sub_001,9.545904886329936,0,897,325,2,10,731.258358001709,451.12502670288086,schema_ic,3,2,17,img/targets/BOSS/high_familiarity_downsized/cond3/067_christmastree.jpg,near,5,6,144,125,hidden_pa_learning,1085,291.8666687011719,208.27341225680266,2,6,5,6,4,7,4,9
sub_001,9.784673112687654,1,812,322,2,8,812.5917320251465,322.97500228881836,schema_ic,3,2,18,img/targets/BOSS/high_familiarity_downsized/cond3/096_rockingchair.jpg,,2,8,141,123,hidden_pa_learning,1143,1.5667343139648438,1.140515783663251,3,7,7,4,1,10,1,5
sub_001,0.17185451561584353,1,748,496,8,7,748.9250450134277,496.27502059936523,schema_ic,3,2,19,img/targets/BOSS/high_familiarity_downsized/cond3/068_cow.jpg,far,8,7,64,101,hidden_pa_learning,1200,1.2000656127929687,0.9650619705193704,4,8,6,5,7,4,4,9
sub_001,5.919911135537399,0,490,306,3,2,532.258358001709,598.508358001709,schema_ic,3,2,20,img/targets/BOSS/high_familiarity_downsized/cond3/071_fluorescentlightbulb.jpg,,10,3,83,51,hidden_pa_learning,1257,334.76671600341797,295.54510370137507,4,8,2,9,9,2,2,4
sub_001,2.8393577348620203,1,665,357,5,6,665.258358001709,357.12502670288086,schema_ic,3,2,21,img/targets/BOSS/high_familiarity_downsized/cond3/067_christmastree.jpg,near,5,6,50,59,hidden_pa_learning,1312,0.38338470458984375,0.2870200924679634,3,7,5,6,4,7,4,9
sub_001,7.604357450001993,1,758,328,2,8,758.5917320251465,328.97500228881836,schema_ic,3,2,22,img/targets/BOSS/high_familiarity_downsized/cond3/096_rockingchair.jpg,,2,8,147,69,hidden_pa_learning,1369,1.5667343139648438,1.140515783663251,4,8,7,4,1,10,1,5
sub_001,9.227830063349849,0,523,535,7,3,648.258358001709,452.12502670288086,schema_ic,3,2,23,img/targets/BOSS/high_familiarity_downsized/cond3/067_christmastree.jpg,near,5,6,145,42,hidden_pa_learning,1427,208.13333129882813,150.19293408240782,4,8,5,6,4,7,4,9
sub_001,2.7643856109797316,0,704,632,11,5,662.9250450134277,465.55834579467773,schema_ic,3,2,24,img/targets/BOSS/high_familiarity_downsized/cond3/066_atm.jpg,near,7,4,75,140,hidden_pa_learning,1480,207.51660919189453,171.43504945533456,4,8,3,8,6,5,3,8
sub_001,9.312982176762299,0,683,530,10,6,849.9250450134277,530.6083641052246,schema_l,4,1,1,img/targets/BOSS/high_familiarity_downsized/cond4/104_honeybee.jpg,,10,10,15,77,hidden_pa_learning,187,167.53340911865234,166.9261536117675,1,1,9,2,9,2,2,4
sub_001,9.073688545553992,0,574,507,6,2,657.9250450134277,341.0416831970215,schema_l,4,1,2,img/targets/BOSS/high_familiarity_downsized/cond3/056_cloud.jpg,,2,4,159,135,hidden_pa_learning,243,249.88336181640625,185.9719766432127,1,1,3,8,1,10,1,4
sub_001,7.195148722658383,1,912,557,10,10,912.9250450134277,557.5416831970215,schema_l,4,1,3,img/targets/BOSS/high_familiarity_downsized/cond4/104_honeybee.jpg,,10,10,42,140,hidden_pa_learning,298,1.4667282104492187,1.0719743293581865,2,2,9,2,9,2,2,4
sub_001,1.0278070690986563,0,550,423,7,3,716.9250450134277,298.4583396911621,schema_l,4,1,4,img/targets/BOSS/high_familiarity_downsized/cond4/103_bikewheel.jpg,far,4,7,33,69,hidden_pa_learning,357,291.4667053222656,208.2656856162744,1,1,6,5,3,8,3,8
sub_001,7.301572974350674,0,879,461,8,9,837.5917320251465,461.1083641052246,schema_l,4,1,5,img/targets/BOSS/high_familiarity_downsized/cond4/083_travelmug.jpg,near,8,8,29,148,hidden_pa_learning,410,41.516632080078125,41.408409767299446,1,1,7,4,7,4,4,8
sub_001,4.399622226615083,0,724,560,10,6,640.9250450134277,227.02500534057617,schema_l,4,1,6,img/targets/BOSS/high_familiarity_downsized/cond3/056_cloud.jpg,,2,4,45,118,hidden_pa_learning,468,416.0499496459961,343.18186900601893,2,2,3,8,1,10,1,4
sub_001,4.07179621734217,1,719,459,5,5,719.5917320251465,459.1750144958496,schema_l,4,1,7,img/targets/BOSS/high_familiarity_downsized/cond4/097_squirrel.jpg,far,5,5,152,155,hidden_pa_learning,524,0.76674652099609375,0.6170711979516241,1,1,4,7,4,7,4,8
sub_001,2.094200488105511,0,771,474,8,9,687.9250450134277,307.3583335876465,schema_l,4,1,8,img/targets/BOSS/high_familiarity_downsized/cond4/103_bikewheel.jpg,far,4,7,42,40,hidden_pa_learning,580,249.71662139892578,186.2012167809521,2,2,6,5,3,8,3,8
sub_001,2.0525672407239592,1,914,605,10,10,914.9250450134277,605.4583702087402,schema_l,4,1,9,img/targets/BOSS/high_familiarity_downsized/cond4/104_honeybee.jpg,,10,10,90,142,hidden_pa_learning,637,1.3834152221679687,1.0323814823639967,3,3,9,2,9,2,2,4
sub_001,3.2058845372200917,0,726,575,10,6,809.5917320251465,492.02502059936523,schema_l,4,1,10,img/targets/BOSS/high_familiarity_downsized/cond4/083_travelmug.jpg,near,8,8,60,120,hidden_pa_learning,692,166.56671142578125,117.78125856646152,2,2,7,4,7,4,4,8
sub_001,3.676449309124654,0,614,561,10,6,572.5916709899902,353.1750144958496,schema_l,4,1,11,img/targets/BOSS/high_familiarity_downsized/cond4/097_squirrel.jpg,far,5,5,46,8,hidden_pa_learning,750,249.23331451416016,211.91006184511753,2,2,4,7,4,7,4,8
sub_001,4.263916613798928,1,697,313,4,7,697.9250450134277,313.4583396911621,schema_l,4,1,12,img/targets/BOSS/high_familiarity_downsized/cond4/103_bikewheel.jpg,far,4,7,48,50,hidden_pa_learning,806,1.3833847045898437,1.032367933133384,3,3,6,5,3,8,3,8
sub_001,4.617047906110372,1,718,320,5,5,718.5917320251465,320.075008392334,schema_l,4,1,13,img/targets/BOSS/high_familiarity_downsized/cond4/097_squirrel.jpg,far,5,5,13,154,hidden_pa_learning,861,0.66674041748046875,0.5964671395009858,3,3,4,7,4,7,4,8
sub_001,9.031180460595625,0,592,609,11,4,676.258358001709,525.8916893005371,schema_l,4,1,14,img/targets/BOSS/high_familiarity_downsized/cond4/082_tortillachip.jpg,near,9,6,52,70,hidden_pa_learning,918,167.36666870117187,118.3489002925782,1,1,5,6,8,3,3,8
sub_001,0.5119924147523869,1,829,630,10,10,829.9250450134277,630.4250450134277,schema_l,4,1,15,img/targets/BOSS/high_familiarity_downsized/cond4/104_honeybee.jpg,,10,10,115,57,hidden_pa_learning,972,1.3500900268554687,1.0180233495884563,4,4,9,2,9,2,2,4
sub_001,5.979601489963096,1,699,309,4,7,699.9250450134277,309.47500228881836,schema_l,4,1,16,img/targets/BOSS/high_familiarity_downsized/cond4/103_bikewheel.jpg,far,4,7,44,52,hidden_pa_learning,1027,1.4000473022460937,1.0398728053229382,4,4,6,5,3,8,3,8
sub_001,5.049457377999518,0,871,233,3,11,663.258358001709,483.8250389099121,schema_l,4,1,17,img/targets/BOSS/high_familiarity_downsized/cond4/082_tortillachip.jpg,near,9,6,10,57,hidden_pa_learning,1082,458.5666809082031,325.68357337192344,2,2,5,6,8,3,3,8
sub_001,9.279945837855745,1,698,575,8,8,698.5917320251465,575.1083335876465,schema_l,4,1,18,img/targets/BOSS/high_familiarity_downsized/cond4/083_travelmug.jpg,near,8,8,143,9,hidden_pa_learning,1138,0.70006561279296875,0.601567083371687,3,3,7,4,7,4,4,8
sub_001,7.754768756655008,0,621,603,10,6,579.5916709899902,395.12502670288086,schema_l,4,1,19,img/targets/BOSS/high_familiarity_downsized/cond4/097_squirrel.jpg,far,5,5,88,15,hidden_pa_learning,1192,249.2833023071289,211.95908622816623,4,4,4,7,4,7,4,8
sub_001,0.9816121803018296,1,686,599,9,6,686.258358001709,599.7416954040527,schema_l,4,1,20,img/targets/BOSS/high_familiarity_downsized/cond4/082_tortillachip.jpg,near,9,6,126,80,hidden_pa_learning,1249,1.0000534057617187,0.7854049461519889,3,3,5,6,8,3,3,8
sub_001,0.8597372290718552,1,616,262,2,4,616.9250450134277,262.0250053405762,schema_l,4,1,21,img/targets/BOSS/high_familiarity_downsized/cond3/056_cloud.jpg,,2,4,80,94,hidden_pa_learning,1306,0.95005035400390625,0.9253829174589553,3,3,3,8,1,10,1,4
sub_001,3.290685230623085,0,929,307,4,11,804.5917320251465,474.1083641052246,schema_l,4,1,22,img/targets/BOSS/high_familiarity_downsized/cond4/083_travelmug.jpg,near,8,8,42,115,hidden_pa_learning,1362,291.5166320800781,208.3329606529588,4,4,7,4,7,4,4,8
sub_001,8.497467703891433,0,967,561,9,11,675.9250450134277,270.02502059936523,schema_l,4,1,23,img/targets/BOSS/high_familiarity_downsized/cond3/056_cloud.jpg,,2,4,88,153,hidden_pa_learning,1419,582.049934387207,411.5714616656929,4,4,3,8,1,10,1,4
sub_001,4.706270449551071,0,537,394,7,4,621.258358001709,477.8916893005371,schema_l,4,1,24,img/targets/BOSS/high_familiarity_downsized/cond4/082_tortillachip.jpg,near,9,6,4,15,hidden_pa_learning,1474,168.1500473022461,118.90032139082723,4,4,5,6,8,3,3,8
sub_001,7.8468686811507515,0,658,618,10,6,658.258358001709,576.8917198181152,schema_l,4,2,1,img/targets/BOSS/high_familiarity_downsized/cond4/082_tortillachip.jpg,near,9,6,103,52,hidden_pa_learning,203,41.36663818359375,41.109092040196984,1,5,5,6,8,3,3,8
sub_001,5.129055805164837,1,654,377,4,7,654.9250450134277,377.4583396911621,schema_l,4,2,2,img/targets/BOSS/high_familiarity_downsized/cond4/103_bikewheel.jpg,far,4,7,112,7,hidden_pa_learning,261,1.3833847045898437,1.032367933133384,1,5,6,5,3,8,3,8
sub_001,3.6585324560774146,1,890,595,10,10,890.9250450134277,595.5416831970215,schema_l,4,2,3,img/targets/BOSS/high_familiarity_downsized/cond4/104_honeybee.jpg,,10,10,80,118,hidden_pa_learning,315,1.4667282104492187,1.0719743293581865,1,5,9,2,9,2,2,4
sub_001,5.201641379191823,0,562,406,5,2,645.9250450134277,281.0416831970215,schema_l,4,2,4,img/targets/BOSS/high_familiarity_downsized/cond3/056_cloud.jpg,,2,4,99,123,hidden_pa_learning,371,208.88336181640625,150.5257257705121,1,5,3,8,1,10,1,4
sub_001,0.6933655595906685,0,467,260,2,2,592.5916709899902,385.02502059936523,schema_l,4,2,5,img/targets/BOSS/high_familiarity_downsized/cond4/097_squirrel.jpg,far,5,5,78,28,hidden_pa_learning,427,250.61669158935547,177.21321507700733,1,5,4,7,4,7,4,8
sub_001,3.003719034578005,0,836,556,8,9,877.9250450134277,639.5416831970215,schema_l,4,2,6,img/targets/BOSS/high_familiarity_downsized/cond4/104_honeybee.jpg,,10,10,124,105,hidden_pa_learning,483,125.46672821044922,93.4715049133662,2,6,9,2,9,2,2,4
sub_001,1.981996496543803,1,600,312,2,4,600.9250450134277,312.0416831970215,schema_l,4,2,7,img/targets/BOSS/high_familiarity_downsized/cond3/056_cloud.jpg,,2,4,130,78,hidden_pa_learning,540,0.96672821044921875,0.9259836746840893,2,6,3,8,1,10,1,4
sub_001,3.241801933398747,0,790,427,6,7,707.5917320251465,386.02502059936523,schema_l,4,2,8,img/targets/BOSS/high_familiarity_downsized/cond4/097_squirrel.jpg,far,5,5,79,143,hidden_pa_learning,595,123.38324737548828,92.03299173393046,2,6,4,7,4,7,4,8
sub_001,4.4563298091979275,0,965,562,10,11,923.9250450134277,562.4583702087402,schema_l,4,2,9,img/targets/BOSS/high_familiarity_downsized/cond4/104_honeybee.jpg,,10,10,47,151,hidden_pa_learning,652,41.5333251953125,41.07751246603424,3,7,9,2,9,2,2,4
sub_001,4.126463049226297,0,613,421,5,3,821.5917320251465,546.1083335876465,schema_l,4,2,10,img/targets/BOSS/high_familiarity_downsized/cond4/083_travelmug.jpg,near,8,8,114,132,hidden_pa_learning,712,333.70006561279297,243.23364447034945,1,5,7,4,7,4,4,8
sub_001,7.485489109589927,0,895,306,2,10,770.9250450134277,389.3583641052246,schema_l,4,2,11,img/targets/BOSS/high_familiarity_downsized/cond4/103_bikewheel.jpg,far,4,7,124,123,hidden_pa_learning,767,207.43331909179687,149.47645741460136,2,6,6,5,3,8,3,8
sub_001,0.5113072342427705,1,731,576,8,8,731.5917320251465,576.0250205993652,schema_l,4,2,12,img/targets/BOSS/high_familiarity_downsized/cond4/083_travelmug.jpg,near,8,8,144,42,hidden_pa_learning,824,0.61675262451171875,0.5922607702495204,2,6,7,4,7,4,4,8
sub_001,2.718567452285847,0,740,200,2,8,573.9250450134277,200.04168319702148,schema_l,4,2,13,img/targets/BOSS/high_familiarity_downsized/cond3/056_cloud.jpg,,2,4,18,51,hidden_pa_learning,878,166.11663818359375,166.0749602176105,3,7,3,8,1,10,1,4
sub_001,7.248192875901451,0,600,628,9,4,684.258358001709,628.7916831970215,schema_l,4,2,14,img/targets/BOSS/high_familiarity_downsized/cond4/082_tortillachip.jpg,near,9,6,155,78,hidden_pa_learning,938,85.05004119873047,84.26207720812846,2,6,5,6,8,3,3,8
sub_001,6.738059363448993,1,625,310,5,5,625.5916709899902,310.02502059936523,schema_l,4,2,15,img/targets/BOSS/high_familiarity_downsized/cond4/097_squirrel.jpg,far,5,5,3,61,hidden_pa_learning,993,0.61669158935546875,0.5921997895884628,3,7,4,7,4,7,4,8
sub_001,8.65598656151895,1,799,362,4,7,799.9250450134277,362.3583641052246,schema_l,4,2,16,img/targets/BOSS/high_familiarity_downsized/cond4/103_bikewheel.jpg,far,4,7,97,152,hidden_pa_learning,1046,1.2834091186523437,0.9920348324433735,3,7,6,5,3,8,3,8
sub_001,1.4490011685263782,1,702,577,9,6,702.258358001709,577.825008392334,schema_l,4,2,17,img/targets/BOSS/high_familiarity_downsized/cond4/082_tortillachip.jpg,near,9,6,104,96,hidden_pa_learning,1103,1.0833663940429687,0.8645158786676882,3,7,5,6,8,3,3,8
sub_001,9.883676033646054,0,762,436,8,9,595.5916709899902,311.02502059936523,schema_l,4,2,18,img/targets/BOSS/high_familiarity_downsized/cond4/097_squirrel.jpg,far,5,5,4,31,hidden_pa_learning,1158,291.38330841064453,208.1116946259694,4,8,4,7,4,7,4,8
sub_001,3.6991890195233568,0,846,492,8,9,804.5917320251465,492.1083641052246,schema_l,4,2,19,img/targets/BOSS/high_familiarity_downsized/cond4/083_travelmug.jpg,near,8,8,60,115,hidden_pa_learning,1212,41.516632080078125,41.408409767299446,3,7,7,4,7,4,4,8
sub_001,8.008394479356811,0,860,550,8,9,735.258358001709,591.8917198181152,schema_l,4,2,20,img/targets/BOSS/high_familiarity_downsized/cond4/082_tortillachip.jpg,near,9,6,118,129,hidden_pa_learning,1270,166.63336181640625,131.5879684384149,4,8,5,6,8,3,3,8
sub_001,1.2209020648341617,0,560,414,7,2,768.9250450134277,289.3583335876465,schema_l,4,2,21,img/targets/BOSS/high_familiarity_downsized/cond4/103_bikewheel.jpg,far,4,7,24,121,hidden_pa_learning,1327,333.56671142578125,243.28012545193909,4,8,6,5,3,8,3,8
sub_001,0.7877995023195061,1,902,537,10,10,902.9250450134277,550.875057220459,schema_l,4,2,22,img/targets/BOSS/high_familiarity_downsized/cond4/104_honeybee.jpg,,10,10,22,130,hidden_pa_learning,1386,14.800102233886719,13.905859238029073,4,8,9,2,9,2,2,4
sub_001,7.821091969944978,0,897,234,2,11,772.5917320251465,484.80834579467773,schema_l,4,2,23,img/targets/BOSS/high_familiarity_downsized/cond4/083_travelmug.jpg,near,8,8,25,83,hidden_pa_learning,1448,375.21661376953125,279.9682900986567,4,8,7,4,7,4,4,8
sub_001,7.259587807267569,1,678,314,2,4,678.9250450134277,314.4250144958496,schema_l,4,2,24,img/targets/BOSS/high_familiarity_downsized/cond3/056_cloud.jpg,,2,4,94,156,hidden_pa_learning,1506,1.3500595092773438,1.0180106082697837,4,8,3,8,1,10,1,4
sub_001,6.9334956644809465,0,723,446,7,5,723.5917320251465,405.075008392334,random_loc,5,1,1,img/targets/BOSS/high_familiarity_downsized/cond5/113_pooltable.jpg,far,6,5,18,159,hidden_pa_learning,195,41.5167236328125,40.9292692932224,1,1,4,7,5,6,4,9
sub_001,3.636919378256187,0,639,750,11,3,847.5917320251465,583.9083824157715,random_loc,5,1,2,img/targets/BOSS/high_familiarity_downsized/cond5/093_microwave.jpg,near,7,8,155,158,hidden_pa_learning,252,374.683349609375,266.6400871980733,1,1,7,4,6,5,4,9
sub_001,3.3351582256625445,0,778,455,6,8,611.9250450134277,538.508358001709,random_loc,5,1,3,img/targets/BOSS/high_familiarity_downsized/cond5/112_treadmill.jpg,far,8,4,68,89,hidden_pa_learning,310,249.58331298828125,185.88850564231666,1,1,3,8,7,4,3,7
sub_001,8.356232394946005,0,575,579,9,3,783.5917320251465,495.758358001709,random_loc,5,1,4,img/targets/BOSS/high_familiarity_downsized/cond5/093_microwave.jpg,near,7,8,67,94,hidden_pa_learning,364,291.8333740234375,224.58780383587654,2,2,7,4,6,5,4,9
sub_001,4.923690340033282,1,623,350,3,3,623.258358001709,350.0416831970215,random_loc,5,1,5,img/targets/BOSS/high_familiarity_downsized/cond5/115_beerbottle.jpg,,3,3,88,142,hidden_pa_learning,422,0.30004119873046875,0.26169896056536307,1,1,2,9,2,9,2,4
sub_001,9.78874717413765,1,803,624,11,7,803.9250450134277,624.625057220459,random_loc,5,1,6,img/targets/BOSS/high_familiarity_downsized/cond5/122_hose.jpg,,11,7,29,156,hidden_pa_learning,478,1.5501022338867188,1.116425011236952,1,1,6,5,10,1,1,6
sub_001,7.051931096977593,1,771,390,5,9,771.258358001709,390.4250144958496,random_loc,5,1,7,img/targets/BOSS/high_familiarity_downsized/cond5/102_rubikcube.jpg,near,5,9,45,40,hidden_pa_learning,535,0.68337249755859375,0.4973793107170394,1,1,8,3,4,7,3,7
sub_001,2.8075409598702694,0,726,500,7,6,601.258358001709,334.09167098999023,random_loc,5,1,8,img/targets/BOSS/high_familiarity_downsized/cond5/115_beerbottle.jpg,,3,3,72,120,hidden_pa_learning,592,290.6499710083008,207.57179693620097,2,2,2,9,2,9,2,4
sub_001,1.2026299166352339,0,793,261,2,10,710.5917320251465,469.95837020874023,random_loc,5,1,9,img/targets/BOSS/high_familiarity_downsized/cond5/093_microwave.jpg,near,7,8,41,21,hidden_pa_learning,647,291.36663818359375,224.621288196173,3,3,7,4,6,5,4,9
sub_001,2.394438238456116,0,728,673,10,8,603.5916709899902,507.1416893005371,random_loc,5,1,10,img/targets/BOSS/high_familiarity_downsized/cond5/113_pooltable.jpg,far,6,5,120,39,hidden_pa_learning,706,290.26663970947266,207.33164629439088,2,2,4,7,5,6,4,9
sub_001,4.426301939460833,1,829,347,5,9,829.258358001709,347.47500228881836,random_loc,5,1,11,img/targets/BOSS/high_familiarity_downsized/cond5/102_rubikcube.jpg,near,5,9,2,98,hidden_pa_learning,763,0.73336029052734375,0.5407180701897614,2,2,8,3,4,7,3,7
sub_001,1.7611381749986244,1,752,639,11,7,752.9250450134277,639.625057220459,random_loc,5,1,12,img/targets/BOSS/high_familiarity_downsized/cond5/122_hose.jpg,,11,7,44,105,hidden_pa_learning,821,1.5501022338867188,1.116425011236952,2,2,6,5,10,1,1,6
sub_001,1.0755153632576953,0,783,548,9,7,658.9250450134277,506.4750328063965,random_loc,5,1,13,img/targets/BOSS/high_familiarity_downsized/cond5/112_treadmill.jpg,far,8,4,36,136,hidden_pa_learning,876,165.59992218017578,130.83928062837163,2,2,3,8,7,4,3,7
sub_001,1.230610645386414,1,747,405,5,9,747.258358001709,405.325008392334,random_loc,5,1,14,img/targets/BOSS/high_familiarity_downsized/cond5/102_rubikcube.jpg,near,5,9,60,16,hidden_pa_learning,931,0.58336639404296875,0.415185876607792,3,3,8,3,4,7,3,7
sub_001,5.377785319801831,0,722,674,10,6,763.9250450134277,716.5416831970215,random_loc,5,1,15,img/targets/BOSS/high_familiarity_downsized/cond5/122_hose.jpg,,11,7,121,116,hidden_pa_learning,988,84.46672821044922,59.728587867232235,3,3,6,5,10,1,1,6
sub_001,1.6350176900254798,0,779,645,10,9,737.5917320251465,520.8583641052246,random_loc,5,1,16,img/targets/BOSS/high_familiarity_downsized/cond5/093_microwave.jpg,near,7,8,92,48,hidden_pa_learning,1043,165.5499038696289,130.86554328511482,4,4,7,4,6,5,4,9
sub_001,3.894176170233141,1,483,404,3,3,483.258358001709,404.99169540405273,random_loc,5,1,17,img/targets/BOSS/high_familiarity_downsized/cond5/115_beerbottle.jpg,,3,3,143,2,hidden_pa_learning,1101,1.2500534057617187,1.0247968732711745,3,3,2,9,2,9,2,4
sub_001,1.2125987800088356,0,890,483,6,9,681.9250450134277,566.508358001709,random_loc,5,1,18,img/targets/BOSS/high_familiarity_downsized/cond5/112_treadmill.jpg,far,8,4,96,159,hidden_pa_learning,1157,291.58331298828125,224.20712020095542,3,3,3,8,7,4,3,7
sub_001,9.128358598125283,0,840,652,10,8,715.5917320251465,486.0750389099121,random_loc,5,1,19,img/targets/BOSS/high_familiarity_downsized/cond5/113_pooltable.jpg,far,6,5,99,151,hidden_pa_learning,1211,290.3332290649414,207.384931596416,3,3,4,7,5,6,4,9
sub_001,0.21552140726681435,0,491,749,11,2,574.9250450134277,624.575008392334,random_loc,5,1,20,img/targets/BOSS/high_familiarity_downsized/cond5/112_treadmill.jpg,far,8,4,154,52,hidden_pa_learning,1265,208.35003662109375,150.08328260360523,4,4,3,8,7,4,3,7
sub_001,6.515015981171985,0,694,621,8,8,486.258358001709,413.15835189819336,random_loc,5,1,21,img/targets/BOSS/high_familiarity_downsized/cond5/115_beerbottle.jpg,,3,3,151,5,hidden_pa_learning,1322,415.58329010009766,293.86177108603516,4,4,2,9,2,9,2,4
sub_001,6.818609061879595,1,829,435,5,9,829.258358001709,435.3583641052246,random_loc,5,1,22,img/targets/BOSS/high_familiarity_downsized/cond5/102_rubikcube.jpg,near,5,9,90,98,hidden_pa_learning,1378,0.61672210693359375,0.44178466356415597,4,4,8,3,4,7,3,7
sub_001,5.290485168896337,0,442,602,11,2,650.9250450134277,602.575008392334,random_loc,5,1,23,img/targets/BOSS/high_familiarity_downsized/cond5/122_hose.jpg,,11,7,7,3,hidden_pa_learning,1433,209.50005340576172,208.9258362876982,4,4,6,5,10,1,1,6
sub_001,7.69597998280513,0,640,288,3,6,598.5916709899902,413.99169540405273,random_loc,5,1,24,img/targets/BOSS/high_familiarity_downsized/cond5/113_pooltable.jpg,far,6,5,27,34,hidden_pa_learning,1491,167.4000244140625,132.6218572565956,4,4,4,7,5,6,4,9
sub_001,9.4724818501705,1,639,623,8,4,639.9250450134277,623.6750450134277,random_loc,5,2,1,img/targets/BOSS/high_familiarity_downsized/cond5/112_treadmill.jpg,far,8,4,153,117,hidden_pa_learning,196,1.6000900268554687,1.1451611445648893,1,5,3,8,7,4,3,7
sub_001,8.731388876613908,1,785,424,5,9,785.258358001709,424.325008392334,random_loc,5,2,2,img/targets/BOSS/high_familiarity_downsized/cond5/102_rubikcube.jpg,near,5,9,79,54,hidden_pa_learning,251,0.58336639404296875,0.415185876607792,1,5,8,3,4,7,3,7
sub_001,0.893933091289929,0,644,656,9,4,686.5917320251465,531.2416954040527,random_loc,5,2,3,img/targets/BOSS/high_familiarity_downsized/cond5/113_pooltable.jpg,far,6,5,144,122,hidden_pa_learning,307,167.35003662109375,131.8282602576437,1,5,4,7,5,6,4,9
sub_001,9.486727632137681,1,766,361,5,9,766.258358001709,361.4250144958496,random_loc,5,2,4,img/targets/BOSS/high_familiarity_downsized/cond5/102_rubikcube.jpg,near,5,9,16,35,hidden_pa_learning,362,0.68337249755859375,0.4973793107170394,2,6,8,3,4,7,3,7
sub_001,3.7083796839363625,0,565,666,11,3,773.5917320251465,499.95837020874023,random_loc,5,2,5,img/targets/BOSS/high_familiarity_downsized/cond5/093_microwave.jpg,near,7,8,71,84,hidden_pa_learning,420,374.63336181640625,266.6089523871775,1,5,7,4,6,5,4,9
sub_001,8.154827448749343,0,752,581,10,7,627.9250450134277,498.4250144958496,random_loc,5,2,6,img/targets/BOSS/high_familiarity_downsized/cond5/112_treadmill.jpg,far,8,4,28,105,hidden_pa_learning,478,206.64994049072266,149.0410100808854,2,6,3,8,7,4,3,7
sub_001,5.750339588764977,1,797,474,7,8,797.5917320251465,474.70837020874023,random_loc,5,2,7,img/targets/BOSS/high_familiarity_downsized/cond5/093_microwave.jpg,near,7,8,46,108,hidden_pa_learning,534,1.3001022338867187,0.9230033273042101,2,6,7,4,6,5,4,9
sub_001,5.58050501432465,1,663,531,6,5,663.5916709899902,531.0416831970215,random_loc,5,2,8,img/targets/BOSS/high_familiarity_downsized/cond5/113_pooltable.jpg,far,6,5,144,99,hidden_pa_learning,591,0.63335418701171875,0.5931374624064442,2,6,4,7,5,6,4,9
sub_001,8.05490840092512,1,612,393,3,3,612.258358001709,393.0416831970215,random_loc,5,2,9,img/targets/BOSS/high_familiarity_downsized/cond5/115_beerbottle.jpg,,3,3,131,131,hidden_pa_learning,646,0.30004119873046875,0.26169896056536307,1,5,2,9,2,9,2,4
sub_001,6.815062275412275,0,697,366,3,5,697.5917320251465,492.1416893005371,random_loc,5,2,10,img/targets/BOSS/high_familiarity_downsized/cond5/113_pooltable.jpg,far,6,5,105,133,hidden_pa_learning,703,126.7334213256836,126.14307720355811,3,7,4,7,5,6,4,9
sub_001,0.8695523330502364,0,623,627,9,6,748.258358001709,460.4250144958496,random_loc,5,2,11,img/targets/BOSS/high_familiarity_downsized/cond5/102_rubikcube.jpg,near,5,9,115,17,hidden_pa_learning,757,291.8333435058594,208.41516750225307,3,7,8,3,4,7,3,7
sub_001,5.951493753550549,1,783,627,11,7,783.9250450134277,627.575008392334,random_loc,5,2,12,img/targets/BOSS/high_familiarity_downsized/cond5/122_hose.jpg,,11,7,32,136,hidden_pa_learning,812,1.5000534057617188,1.0891937055097365,1,5,6,5,10,1,1,6
sub_001,2.782297690210207,1,710,573,7,8,710.5917320251465,573.8583335876465,random_loc,5,2,13,img/targets/BOSS/high_familiarity_downsized/cond5/093_microwave.jpg,near,7,8,145,21,hidden_pa_learning,869,1.4500656127929687,1.0425369716542645,3,7,7,4,6,5,4,9
sub_001,8.858028913988633,0,921,449,5,11,629.9250450134277,574.7250328063965,random_loc,5,2,14,img/targets/BOSS/high_familiarity_downsized/cond5/112_treadmill.jpg,far,8,4,104,107,hidden_pa_learning,926,416.79998779296875,317.06689088361867,3,7,3,8,7,4,3,7
sub_001,7.233443510222113,0,938,619,10,11,605.258358001709,327.99169540405273,random_loc,5,2,15,img/targets/BOSS/high_familiarity_downsized/cond5/115_beerbottle.jpg,,3,3,66,124,hidden_pa_learning,981,623.7499465942383,442.04392730081304,2,6,2,9,2,9,2,4
sub_001,2.205074786392016,1,721,630,11,7,721.9250450134277,630.575008392334,random_loc,5,2,16,img/targets/BOSS/high_familiarity_downsized/cond5/122_hose.jpg,,11,7,35,74,hidden_pa_learning,1038,1.5000534057617188,1.0891937055097365,2,6,6,5,10,1,1,6
sub_001,4.740776601315639,0,644,489,6,4,853.258358001709,448.27502059936523,random_loc,5,2,17,img/targets/BOSS/high_familiarity_downsized/cond5/102_rubikcube.jpg,near,5,9,103,122,hidden_pa_learning,1094,249.98333740234375,213.18439047161385,4,8,8,3,4,7,3,7
sub_001,1.1853740243327837,1,494,401,3,3,494.258358001709,401.99169540405273,random_loc,5,2,18,img/targets/BOSS/high_familiarity_downsized/cond5/115_beerbottle.jpg,,3,3,140,13,hidden_pa_learning,1153,1.2500534057617187,1.0247968732711745,3,7,2,9,2,9,2,4
sub_001,7.707412562592522,1,649,642,11,7,649.9250450134277,642.575008392334,random_loc,5,2,19,img/targets/BOSS/high_familiarity_downsized/cond5/122_hose.jpg,,11,7,47,2,hidden_pa_learning,1210,1.5000534057617188,1.0891937055097365,3,7,6,5,10,1,1,6
sub_001,3.0274870932178,0,720,619,11,6,678.5916709899902,410.99169540405273,random_loc,5,2,20,img/targets/BOSS/high_familiarity_downsized/cond5/113_pooltable.jpg,far,6,5,24,114,hidden_pa_learning,1268,249.41663360595703,212.08985004540315,4,8,4,7,5,6,4,9
sub_001,8.833627773422775,1,666,682,11,7,666.9250450134277,682.575008392334,random_loc,5,2,21,img/targets/BOSS/high_familiarity_downsized/cond5/122_hose.jpg,,11,7,87,19,hidden_pa_learning,1324,1.5000534057617188,1.0891937055097365,4,8,6,5,10,1,1,6
sub_001,7.986025261377987,0,654,305,2,6,570.9250450134277,555.7250328063965,random_loc,5,2,22,img/targets/BOSS/high_familiarity_downsized/cond5/112_treadmill.jpg,far,8,4,85,48,hidden_pa_learning,1380,333.79998779296875,264.12968447675394,4,8,3,8,7,4,3,7
sub_001,8.074092954978255,0,952,329,3,11,619.258358001709,329.0416831970215,random_loc,5,2,23,img/targets/BOSS/high_familiarity_downsized/cond5/115_beerbottle.jpg,,3,3,67,138,hidden_pa_learning,1438,332.7833251953125,332.74164460915887,4,8,2,9,2,9,2,4
sub_001,1.181367255534287,0,865,635,9,10,782.5917320251465,551.9583702087402,random_loc,5,2,24,img/targets/BOSS/high_familiarity_downsized/cond5/093_microwave.jpg,near,7,8,123,93,hidden_pa_learning,1495,165.44989776611328,116.99160187382644,4,8,7,4,6,5,4,9
